{
    "annotations": {},
    "editable": true,
    "gnetId": null,
    "graphTooltip": 0,
    "id": null,
    "links": [],
    "panels": [
        {
            "aliasColors": {},
            "bars": false,
            "dashLength": 10,
            "dashes": false,
            "datasource": "${DS_PROMETHEUS}",
            "fill": 1,
            "gridPos": {
                "h": 9,
                "w": 12,
                "x": 0,
                "y": 0
            },
            "id": 2,
            "legend": {
                "avg": false,
                "current": false,
                "max": false,
                "min": false,
                "show": true,
                "total": false,
                "values": false
            },
            "lines": true,
            "linewidth": 1,
            "links": [],
            "nullPointMode": "null",
            "percentage": false,
            "pointradius": 5,
            "points": false,
            "renderer": "flot",
            "seriesOverrides": [],
            "spaceLength": 10,
            "stack": false,
            "steppedLine": false,
            "targets": [
                {
                    "expr": "sum(rate(http_requests_total[5m]))",
                    "format": "time_series",
                    "intervalFactor": 2,
                    "legendFormat": "Requests",
                    "refId": "A"
                }
            ],
            "thresholds": [],
            "timeFrom": null,
            "timeShift": null,
            "title": "Request Rate",
            "tooltip": {
                "shared": true,
                "sort": 0,
                "value_type": "individual"
            },
            "type": "graph",
            "xaxis": {
                "buckets": null,
                "mode": "time",
                "name": null,
                "show": true,
                "values": []
            },
            "yaxes": [
                {
                    "format": "short",
                    "label": null,
                    "logBase": 1,
                    "max": null,
                    "min": "0",
                    "show": true
                },
                {
                    "format": "short",
                    "label": null,
                    "logBase": 1,
                    "max": null,
                    "min": null,
                    "show": true
                }
            ],
            "yaxis": {
                "align": false,
                "alignLevel": null
            }
        }
    ],
    "schemaVersion": 16,
    "style": "dark",
    "tags": [],
    "templating": {
        "list": []
    },
    "time": {
        "from": "now-6h",
        "to": "now"
    },
    "timepicker": {
        "refresh_intervals": [
            "5s",
            "10s",
            "30s",
            "1m",
            "5m",
            "15m",
            "30m",
            "1h",
            "2h",
            "1d"
        ],
        "time_options": [
            "5m",
            "15m",
            "1h",
            "6h",
            "12h",
            "24h",
            "2d",
            "7d",
            "30d"
        ]
    },
    "timezone": "",
    "title": "Yess Loyalty System",
    "uid": "yess_dashboard",
    "version": 1
}
